<?xml version="1.0" encoding="UTF-8"?>
<Configuration status="DEBUG" monitorInterval="30">
    <Properties>
        <Property name="LOG_PATTERN" value="%d{MM-dd HH:mm:ss.SSS} |%X{X-Correlation-ID}| %5p [%t] %-40.40c{1.} : %m%n%ex" />
        <Property name="LOG_PATH">logs</Property>
    </Properties>
    <Appenders>
        <Console name="ConsoleAppender" target="SYSTEM_OUT" follow="true">
            <PatternLayout pattern="${LOG_PATTERN}"/>
        </Console>
        <RollingFile name="FileAppender" fileName="${LOG_PATH}/inquiry-verizon.log"
                     filePattern="${LOG_PATH}/inquiry-verizon-%i.log">
            <PatternLayout>
                <Pattern>${LOG_PATTERN}</Pattern>
            </PatternLayout>
            <Policies>
                <SizeBasedTriggeringPolicy size="10MB" />
            </Policies>
            <DefaultRolloverStrategy max="10"/>
        </RollingFile>
    </Appenders>
    <Loggers>
        <Logger name="com.tracfone.inquiry-verizon" level="info" additivity="false">
            <AppenderRef ref="FileAppender" />
            <AppenderRef ref="ConsoleAppender" />
        </Logger>
        <Logger name="org.springframework" level="info" additivity="false">
			<AppenderRef ref="FileAppender" />
			<AppenderRef ref="ConsoleAppender" />
        </Logger>
        <Root level="info">
            <AppenderRef ref="FileAppender" />
            <AppenderRef ref="ConsoleAppender" />
        </Root>
    </Loggers>
</Configuration>